﻿""config"",""status"",""lobbyConfig"",""initialized"",""endedReason""
"""{\""kind\"":\""complete\"",\""config\"":{\""treatments\"":[{\""treatment\"":{\""name\"":\""Solo\"",\""desc\"":\""Single-player Game\"",\""factors\"":{\""playerCount\"":1}},\""count\"":1}]}}""",""terminated"","""{\""name\"":\""Default shared fail\"",\""kind\"":\""shared\"",\""duration\"":300000000000,\""strategy\"":\""fail\""}""",""true"",
"""{\""kind\"":\""complete\"",\""config\"":{\""treatments\"":[{\""treatment\"":{\""name\"":\""Solo\"",\""desc\"":\""Single-player Game\"",\""factors\"":{\""StageDuration\"":300,\""playerCount\"":1}},\""count\"":1}]}}""",""terminated"","""{\""name\"":\""Default shared fail\"",\""kind\"":\""shared\"",\""duration\"":300000000000,\""strategy\"":\""fail\""}""",""true"",
"""{\""kind\"":\""complete\"",\""config\"":{\""treatments\"":[{\""treatment\"":{\""name\"":\""Two Players\"",\""desc\"":\""Two-player Game\"",\""factors\"":{\""playerCount\"":2}},\""count\"":1}]}}""",""terminated"","""{\""name\"":\""Default shared fail\"",\""kind\"":\""shared\"",\""duration\"":300000000000,\""strategy\"":\""fail\""}""",""true"",
"""{\""kind\"":\""complete\"",\""config\"":{\""treatments\"":[{\""treatment\"":{\""name\"":\""Solo\"",\""desc\"":\""Single-player Game\"",\""factors\"":{\""StageDuration\"":300,\""playerCount\"":1}},\""count\"":1}]}}""",""terminated"","""{\""name\"":\""Default shared fail\"",\""kind\"":\""shared\"",\""duration\"":300000000000,\""strategy\"":\""fail\""}""",""true"",
"""{\""kind\"":\""complete\"",\""config\"":{\""treatments\"":[{\""treatment\"":{\""name\"":\""Solo\"",\""desc\"":\""Single-player Game\"",\""factors\"":{\""StageDuration\"":300,\""playerCount\"":1}},\""count\"":1}]}}""",""terminated"","""{\""name\"":\""Default shared fail\"",\""kind\"":\""shared\"",\""duration\"":300000000000,\""strategy\"":\""fail\""}""",""true"",
"""{\""kind\"":\""complete\"",\""config\"":{\""treatments\"":[{\""treatment\"":{\""name\"":\""Solo\"",\""desc\"":\""Single-player Game\"",\""factors\"":{\""StageDuration\"":300,\""playerCount\"":1}},\""count\"":1}]}}""",""terminated"","""{\""name\"":\""Default shared fail\"",\""kind\"":\""shared\"",\""duration\"":300000000000,\""strategy\"":\""fail\""}""",""true"",
"""{\""kind\"":\""complete\"",\""config\"":{\""treatments\"":[{\""treatment\"":{\""name\"":\""Solo\"",\""desc\"":\""Single-player Game\"",\""factors\"":{\""StageDuration\"":300,\""playerCount\"":1}},\""count\"":1}]}}""",""ended"","""{\""name\"":\""Default shared fail\"",\""kind\"":\""shared\"",\""duration\"":300000000000,\""strategy\"":\""fail\""}""",""true"",""all games finished""
"""{\""kind\"":\""complete\"",\""config\"":{\""treatments\"":[{\""treatment\"":{\""name\"":\""Solo\"",\""desc\"":\""Single-player Game\"",\""factors\"":{\""StageDuration\"":300,\""playerCount\"":1}},\""count\"":1}]}}""",""ended"","""{\""name\"":\""Default shared fail\"",\""kind\"":\""shared\"",\""duration\"":300000000000,\""strategy\"":\""fail\""}""",""true"",""all games finished""
"""{\""kind\"":\""complete\"",\""config\"":{\""treatments\"":[{\""treatment\"":{\""name\"":\""Solo\"",\""desc\"":\""Single-player Game\"",\""factors\"":{\""StageDuration\"":300,\""playerCount\"":1}},\""count\"":1}]}}""",""ended"","""{\""name\"":\""Default shared fail\"",\""kind\"":\""shared\"",\""duration\"":300000000000,\""strategy\"":\""fail\""}""",""true"",""all games finished""
"""{\""kind\"":\""complete\"",\""config\"":{\""treatments\"":[{\""treatment\"":{\""name\"":\""Solo\"",\""desc\"":\""Single-player Game\"",\""factors\"":{\""StageDuration\"":300,\""playerCount\"":1}},\""count\"":1}]}}""",""terminated"","""{\""name\"":\""Default shared fail\"",\""kind\"":\""shared\"",\""duration\"":300000000000,\""strategy\"":\""fail\""}""",""true"",
"""{\""kind\"":\""complete\"",\""config\"":{\""treatments\"":[{\""treatment\"":{\""name\"":\""Solo\"",\""desc\"":\""Single-player Game\"",\""factors\"":{\""StageDuration\"":300,\""playerCount\"":1}},\""count\"":1}]}}""",""terminated"","""{\""name\"":\""Default shared fail\"",\""kind\"":\""shared\"",\""duration\"":300000000000,\""strategy\"":\""fail\""}""",""true"",
"""{\""kind\"":\""complete\"",\""config\"":{\""treatments\"":[{\""treatment\"":{\""name\"":\""Solo\"",\""desc\"":\""Single-player Game\"",\""factors\"":{\""StageDuration\"":300,\""playerCount\"":1}},\""count\"":1}]}}""",""terminated"","""{\""name\"":\""Default shared fail\"",\""kind\"":\""shared\"",\""duration\"":300000000000,\""strategy\"":\""fail\""}""",""true"",
"""{\""kind\"":\""complete\"",\""config\"":{\""treatments\"":[{\""treatment\"":{\""name\"":\""Solo\"",\""desc\"":\""Single-player Game\"",\""factors\"":{\""StageDuration\"":300,\""playerCount\"":1}},\""count\"":1}]}}""",""terminated"","""{\""name\"":\""Default shared fail\"",\""kind\"":\""shared\"",\""duration\"":300000000000,\""strategy\"":\""fail\""}""",""true"",
"""{\""kind\"":\""complete\"",\""config\"":{\""treatments\"":[{\""treatment\"":{\""name\"":\""Solo\"",\""desc\"":\""Single-player Game\"",\""factors\"":{\""StageDuration\"":300,\""playerCount\"":1}},\""count\"":1}]}}""",""terminated"","""{\""name\"":\""Default shared fail\"",\""kind\"":\""shared\"",\""duration\"":300000000000,\""strategy\"":\""fail\""}""",""true"",
"""{\""kind\"":\""complete\"",\""config\"":{\""treatments\"":[{\""treatment\"":{\""name\"":\""Solo\"",\""desc\"":\""Single-player Game\"",\""factors\"":{\""StageDuration\"":300,\""playerCount\"":1}},\""count\"":1}]}}""",""terminated"","""{\""name\"":\""Default shared fail\"",\""kind\"":\""shared\"",\""duration\"":300000000000,\""strategy\"":\""fail\""}""",""true"",
"""{\""kind\"":\""complete\"",\""config\"":{\""treatments\"":[{\""treatment\"":{\""name\"":\""Solo\"",\""desc\"":\""Single-player Game\"",\""factors\"":{\""StageDuration\"":300,\""playerCount\"":1}},\""count\"":1}]}}""",""terminated"","""{\""name\"":\""Default shared fail\"",\""kind\"":\""shared\"",\""duration\"":300000000000,\""strategy\"":\""fail\""}""",""true"",
"""{\""kind\"":\""complete\"",\""config\"":{\""treatments\"":[{\""treatment\"":{\""name\"":\""Two Players\"",\""desc\"":\""Two-player Game\"",\""factors\"":{\""playerCount\"":2}},\""count\"":1}]}}""",""ended"","""{\""name\"":\""Default shared fail\"",\""kind\"":\""shared\"",\""duration\"":300000000000,\""strategy\"":\""fail\""}""",""true"",""all games finished""
"""{\""kind\"":\""complete\"",\""config\"":{\""treatments\"":[{\""treatment\"":{\""name\"":\""Two Players\"",\""desc\"":\""Two-player Game\"",\""factors\"":{\""playerCount\"":2}},\""count\"":1}]}}""",""terminated"","""{\""name\"":\""Default shared fail\"",\""kind\"":\""shared\"",\""duration\"":300000000000,\""strategy\"":\""fail\""}""",""true"",
"""{\""kind\"":\""complete\"",\""config\"":{\""treatments\"":[{\""treatment\"":{\""name\"":\""Solo\"",\""desc\"":\""Single-player Game\"",\""factors\"":{\""StageDuration\"":300,\""playerCount\"":1}},\""count\"":1}]}}""",""terminated"","""{\""name\"":\""Default shared fail\"",\""kind\"":\""shared\"",\""duration\"":300000000000,\""strategy\"":\""fail\""}""",""true"",
"""{\""kind\"":\""complete\"",\""config\"":{\""treatments\"":[{\""treatment\"":{\""name\"":\""Solo\"",\""desc\"":\""Single-player Game\"",\""factors\"":{\""StageDuration\"":300,\""playerCount\"":1}},\""count\"":1}]}}""",""ended"","""{\""name\"":\""Default shared fail\"",\""kind\"":\""shared\"",\""duration\"":300000000000,\""strategy\"":\""fail\""}""",""true"",""all games finished""
"""{\""kind\"":\""complete\"",\""config\"":{\""treatments\"":[{\""treatment\"":{\""name\"":\""Solo\"",\""desc\"":\""Single-player Game\"",\""factors\"":{\""StageDuration\"":10000,\""playerCount\"":1}},\""count\"":1}]}}""",""terminated"","""{\""name\"":\""Default shared fail\"",\""kind\"":\""shared\"",\""duration\"":300000000000,\""strategy\"":\""fail\""}""",""true"",
"""{\""kind\"":\""complete\"",\""config\"":{\""treatments\"":[{\""treatment\"":{\""name\"":\""Solo\"",\""desc\"":\""Single-player Game\"",\""factors\"":{\""StageDuration\"":10000,\""nRounds\"":3,\""playerCount\"":1}},\""count\"":1}]}}""",""terminated"","""{\""name\"":\""Default shared fail\"",\""kind\"":\""shared\"",\""duration\"":300000000000,\""strategy\"":\""fail\""}""",""true"",
"""{\""kind\"":\""complete\"",\""config\"":{\""treatments\"":[{\""treatment\"":{\""name\"":\""Solo\"",\""desc\"":\""Single-player Game\"",\""factors\"":{\""StageDuration\"":300,\""playerCount\"":1}},\""count\"":1}]}}""",""terminated"","""{\""name\"":\""Default shared fail\"",\""kind\"":\""shared\"",\""duration\"":300000000000,\""strategy\"":\""fail\""}""",""true"",
"""{\""kind\"":\""complete\"",\""config\"":{\""treatments\"":[{\""treatment\"":{\""name\"":\""Solo\"",\""desc\"":\""Single-player Game\"",\""factors\"":{\""StageDuration\"":10000,\""nRounds\"":3,\""playerCount\"":1}},\""count\"":1}]}}""",""terminated"","""{\""name\"":\""Default shared fail\"",\""kind\"":\""shared\"",\""duration\"":300000000000,\""strategy\"":\""fail\""}""",""true"",
"""{\""kind\"":\""complete\"",\""config\"":{\""treatments\"":[{\""treatment\"":{\""name\"":\""Solo\"",\""desc\"":\""Single-player Game\"",\""factors\"":{\""StageDuration\"":10000,\""nRounds\"":3,\""playerCount\"":1}},\""count\"":1}]}}""",""terminated"","""{\""name\"":\""Default shared fail\"",\""kind\"":\""shared\"",\""duration\"":300000000000,\""strategy\"":\""fail\""}""",""true"",
"""{\""kind\"":\""complete\"",\""config\"":{\""treatments\"":[{\""treatment\"":{\""name\"":\""Solo\"",\""desc\"":\""Single-player Game\"",\""factors\"":{\""StageDuration\"":10000,\""nRounds\"":3,\""playerCount\"":1}},\""count\"":1}]}}""",""terminated"","""{\""name\"":\""Default shared fail\"",\""kind\"":\""shared\"",\""duration\"":300000000000,\""strategy\"":\""fail\""}""",""true"",
"""{\""kind\"":\""complete\"",\""config\"":{\""treatments\"":[{\""treatment\"":{\""name\"":\""Solo\"",\""desc\"":\""Single-player Game\"",\""factors\"":{\""StageDuration\"":10000,\""nRounds\"":3,\""playerCount\"":1}},\""count\"":1}]}}""",""terminated"","""{\""name\"":\""Default shared fail\"",\""kind\"":\""shared\"",\""duration\"":300000000000,\""strategy\"":\""fail\""}""",""true"",
"""{\""kind\"":\""complete\"",\""config\"":{\""treatments\"":[{\""treatment\"":{\""name\"":\""Solo\"",\""desc\"":\""Single-player Game\"",\""factors\"":{\""StageDuration\"":300,\""playerCount\"":1}},\""count\"":1}]}}""",""ended"","""{\""name\"":\""Default shared fail\"",\""kind\"":\""shared\"",\""duration\"":300000000000,\""strategy\"":\""fail\""}""",""true"",""all games finished""
"""{\""kind\"":\""complete\"",\""config\"":{\""treatments\"":[{\""treatment\"":{\""name\"":\""Solo\"",\""desc\"":\""Single-player Game\"",\""factors\"":{\""StageDuration\"":300,\""playerCount\"":1}},\""count\"":1}]}}""",""terminated"","""{\""name\"":\""Default shared fail\"",\""kind\"":\""shared\"",\""duration\"":300000000000,\""strategy\"":\""fail\""}""",""true"",
"""{\""kind\"":\""complete\"",\""config\"":{\""treatments\"":[{\""treatment\"":{\""name\"":\""Solo\"",\""desc\"":\""Single-player Game\"",\""factors\"":{\""StageDuration\"":300,\""playerCount\"":1}},\""count\"":1}]}}""",""terminated"","""{\""name\"":\""Default shared fail\"",\""kind\"":\""shared\"",\""duration\"":300000000000,\""strategy\"":\""fail\""}""",""true"",
"""{\""kind\"":\""complete\"",\""config\"":{\""treatments\"":[{\""treatment\"":{\""name\"":\""Solo\"",\""desc\"":\""Single-player Game\"",\""factors\"":{\""StageDuration\"":300,\""playerCount\"":1}},\""count\"":1}]}}""",""terminated"","""{\""name\"":\""Default shared fail\"",\""kind\"":\""shared\"",\""duration\"":300000000000,\""strategy\"":\""fail\""}""",""true"",
"""{\""kind\"":\""complete\"",\""config\"":{\""treatments\"":[{\""treatment\"":{\""name\"":\""Solo\"",\""desc\"":\""Single-player Game\"",\""factors\"":{\""StageDuration\"":10000,\""nRounds\"":3,\""playerCount\"":1}},\""count\"":1}]}}""",""terminated"","""{\""name\"":\""Default shared fail\"",\""kind\"":\""shared\"",\""duration\"":300000000000,\""strategy\"":\""fail\""}""",""true"",
"""{\""kind\"":\""complete\"",\""config\"":{\""treatments\"":[{\""treatment\"":{\""name\"":\""Two Players\"",\""desc\"":\""Two-player Game\"",\""factors\"":{\""StageDuration\"":10000,\""TimelordName\"":\""James\"",\""nRounds\"":3,\""playerCount\"":2}},\""count\"":1}]}}""",""ended"","""{\""name\"":\""Default shared fail\"",\""kind\"":\""shared\"",\""duration\"":300000000000,\""strategy\"":\""fail\""}""",""true"",""all games finished""
