﻿""endedReason"",""treatment"",""start"",""status"",""batchID"",""ended"",""groupID"",""lobbyTimerID"",""stageID"",""roundIndex"",""chat""
""batch ended"",""{\""playerCount\"":1}"",""false"",""terminated"",""01H1Z3H73KNSHQ47DVEER9TKD9"",""false"",""01H1Z3H74Q5WQ5V05KX3VG0ZN0"",,,,
""batch ended"","""{\""StageDuration\"":300,\""playerCount\"":1}""",""false"",""terminated"",""01H1Z8H7K26Z6DNEAR3JVJG5XR"",""false"",""01H1Z8H7KQBR5YFG28K05H31GE"",,,,
""batch ended"",""{\""playerCount\"":2}"",""true"",""terminated"",""01H1Z995EC43Y12SYTMB7Y30F1"",""false"",""01H1Z995F7J97NCFZECS3CBYW2"",""01H1Z9FRN50MQA1K89WJQ6WWAR"",,,
""batch ended"","""{\""StageDuration\"":300,\""playerCount\"":1}""",""true"",""terminated"",""01H2BDXHFPEJ1KVCCBRPTTFXX6"",""false"",""01H2BDXHGFM0YYB3374HM99S0J"",""01H2BDY5TB12EGCQ8J3Q1FMVK2"",,,
""batch ended"","""{\""StageDuration\"":300,\""playerCount\"":1}""",""false"",""terminated"",""01H2BE0BF2WMHD2ESS6A6RJGX5"",""false"",""01H2BE0BFT6N776AFWN1MRS0J0"",,,,
""batch ended"","""{\""StageDuration\"":300,\""playerCount\"":1}""",""true"",""terminated"",""01H2DZPP4GTKCBB80NB4G8KXT4"",""true"",""01H2DZPP5D1D0BSE5GTFYFPP7D"",""01H2EQ76W5ZWG3FTYEMPWVXARR"","""",""1"",
""end of game"","""{\""StageDuration\"":300,\""playerCount\"":1}""",""true"",""ended"",""01H2EQ7KP44FGMWZFNHY2QP7AZ"",""true"",""01H2EQ7KPTTF0ZVJDK7R8HM6KH"",""01H2EQAF5E04Z98A9FXSAXDA34"","""",""1"",
""end of game"","""{\""StageDuration\"":300,\""playerCount\"":1}""",""true"",""ended"",""01H2GQRB2APP52JE0VFTNV6116"",""true"",""01H2GQRB3331X5NKKQRNRF96SX"",""01H2GVVNX9JDYZV4V28QNHJRJ1"","""",""1"",
""end of game"","""{\""StageDuration\"":300,\""playerCount\"":1}""",""true"",""ended"",""01H2GYV2FXZFNTVVAGR5W67BPZ"",""true"",""01H2GYV2GK2WAKGQNYJKJJE40J"",""01H2GYVAP9Y4KPNT8A8096QPF7"","""",""1"",
""batch ended"","""{\""StageDuration\"":300,\""playerCount\"":1}""",""false"",""terminated"",""01H2GYZYZHH1HAYXXTY67K04FH"",""false"",""01H2GYZYZSDJQCSHZ2VMYDVZ92"",,,,
""batch ended"","""{\""StageDuration\"":300,\""playerCount\"":1}""",""true"",""terminated"",""01H2GZ2X2ACAJQ5TGKMN9ATKGZ"",""false"",""01H2H08X381N8JYKYWPFNWCN60"",""01H2GZWPQ85NZ7P2R3JRVBBR77"",""01H2GZYANFXF5KW6B49DV8G98N"",""29"",
""batch ended"","""{\""StageDuration\"":300,\""playerCount\"":1}""",""false"",""terminated"",""01H2H0SG5SP8AB9C935WYESCHC"",""false"",""01H2H0SG5Z5HC7QXBXVWP50Y53"",,,,
""batch ended"","""{\""StageDuration\"":300,\""playerCount\"":1}""",""false"",""terminated"",""01H2H4AN0X7ZSD9FJQNDWWBZPD"",""false"",""01H2H4AN1RMCAHRG1B53FAS0V2"",,,,
""batch ended"","""{\""StageDuration\"":300,\""playerCount\"":1}""",""false"",""terminated"",""01H2H8GTA196Y286KP4AF6E3GG"",""false"",""01H2H8GTAR5FSJ866M2M9YMPT5"",,,,
""batch ended"","""{\""StageDuration\"":300,\""playerCount\"":1}""",""false"",""terminated"",""01H2H9FW5CDNV8FW488WXB7EFM"",""false"",""01H2H9FW618QK38FG3638DYR9R"",,,,
""batch ended"","""{\""StageDuration\"":300,\""playerCount\"":1}""",""false"",""terminated"",""01H2R7GY2D60CK42ED21RVTG6D"",""false"",""01H2R7GY356590P8TRSY4FNA5M"",,,,
""shared lobby timeout"",""{\""playerCount\"":2}"",""false"",""failed"",""01H2R9NS4HJ13VTFJBNW6DREDV"",""false"",""01H2R9NS54QBH2SAW2VC3739DK"",""01H2RANC4ZG8N6F46V73CFDE8A"",,,
""batch ended"",""{\""playerCount\"":2}"",""false"",""terminated"",""01H2RD8BC26BFYAW1YYSZZ81BD"",""false"",""01H2RD8BCA0DB6C7X991CZ2G16"",,,,
""batch ended"","""{\""StageDuration\"":300,\""playerCount\"":1}""",""true"",""terminated"",""01H2RDBJSWPT4B8Z78DW2SMJ7D"",""true"",""01H2RDBJTHB2W98N3EN1WJE2ZY"",""01H2RDCWZ78J2FG1CPTCBAXBYQ"","""",""1"",
""end of game"","""{\""StageDuration\"":300,\""playerCount\"":1}""",""true"",""ended"",""01H2RZ7BQV47K28XD4D5S9ZGXP"",""true"",""01H2RZ7BRM2Q66X44VJSXAGQ4D"",""01H3ZKMYDW7Y15D0V7KFF7XPZV"","""",""1"",
,"""{\""StageDuration\"":10000,\""playerCount\"":1}""",""false"",,""01H2RZ8MDXQ5X35R0RGQ7Z01EN"",""false"",""01H2RZ8MET2NDSFGRHDAX4XJZ1"",,,,
,"""{\""StageDuration\"":10000,\""nRounds\"":3,\""playerCount\"":1}""",""false"",,""01H2S25QM7JS5EWYBBFEMPYNV0"",""false"",""01H2S25QMZAJRQ46H2WKHPSVGH"",,,,
""batch ended"","""{\""StageDuration\"":300,\""playerCount\"":1}""",""false"",""terminated"",""01H2TVAY2FJJQK74KRGPHWDYBT"",""false"",""01H2TVAY37DPG64SEVQBPT2MNQ"",,,,
,"""{\""StageDuration\"":10000,\""nRounds\"":3,\""playerCount\"":1}""",""false"",,""01H2TVBC46RHJ9Z9MA9XSV8MT9"",""false"",""01H2TVBC4ZSH0AKYGJ1JWD6F9C"",,,,
,"""{\""StageDuration\"":10000,\""nRounds\"":3,\""playerCount\"":1}""",""false"",,""01H2TZSK6PF2VVG16DE5PDK8JQ"",""false"",""01H2TZSK7BEEC4X71Z5P0TDB29"",,,,
,"""{\""StageDuration\"":10000,\""nRounds\"":3,\""playerCount\"":1}""",""false"",,""01H339KYKN5EJS58XRPSR61Y2P"",""false"",""01H339KYMEN9SVD8XRADWN3RX7"",,,,
""batch ended"","""{\""StageDuration\"":10000,\""nRounds\"":3,\""playerCount\"":1}""",""false"",""terminated"",""01H33A4F9QNAB1D8RK51RXTCN9"",""false"",""01H33A4FAGJ8P0PV19D9181JN2"",,,,
""end of game"","""{\""StageDuration\"":300,\""playerCount\"":1}""",""true"",""ended"",""01H41E3J6PE94J0QBGGXXTXXKH"",""true"",""01H41E3J7EA2W9GR6HV0RBX889"",""01H41EB6SM0H5V6BKBC85N24XS"","""",""1"",
""batch ended"","""{\""StageDuration\"":300,\""playerCount\"":1}""",""true"",""terminated"",""01H41EDZ7DW9B9E605XN825ENR"",""true"",""01H41EDZ83TYY5VMFE0T8AX9G0"",""01H41WK2RSHWKHJW7RXWB9MDNM"","""",""1"",
""batch ended"","""{\""StageDuration\"":300,\""playerCount\"":1}""",""true"",""terminated"",""01H41WNH3G8E06Y15GHMRY6879"",""true"",""01H41WNH4AX9AWP4JJGS7Y9ANE"",""01H41YS9A2CQ83XD4D0AXSD3G1"","""",""1"","""{\""text\"":\""hey\"",\""sender\"":{\""id\"":\""01H41WNZSB4BCK7AVK0EZ2PZ0X\"",\""name\"":\""01H41WNZSB4BCK7AVK0EZ2PZ0X\""}}"""
""batch ended"","""{\""StageDuration\"":300,\""playerCount\"":1}""",""false"",""terminated"",""01H41Z0M53GB1MS42QV66BNN9S"",""false"",""01H41Z0M5MDYSEXTDAZ5QM6NX7"",,,,
""batch ended"","""{\""StageDuration\"":10000,\""nRounds\"":3,\""playerCount\"":1}""",""false"",""terminated"",""01H4EDSN3SSH41EZHCFZ0DH5Z5"",""false"",""01H4EDSN4GHYMAYFSNBWQCJX07"",,,,
""end of game"","""{\""StageDuration\"":10000,\""TimelordName\"":\""James\"",\""nRounds\"":3,\""playerCount\"":2}""",""true"",""ended"",""01H4EF5JSJFECEBPZM46MFHPY6"",""true"",""01H4EF5JTCT7WMYEE8QY6CCRY8"",""01H4KHSK9V5RPSJMK7EQXAS96G"","""",""1"",
