﻿""batchID"",""gameID"",""roundID"",""playerID"",""guess""
""01H2DZPP4GTKCBB80NB4G8KXT4"",""01H2DZPP51GDD6189YE9X10WXN"",""01H2EQ76WFP5VJ59PSX89AAGE4"",""01H2DZRCGG5X7RR40E38DG6Y5K"",
""01H2EQ7KP44FGMWZFNHY2QP7AZ"",""01H2EQ7KPG4QVN2NG6HFNZ2KFD"",""01H2EQAF5T1WF9F2RAD1B7H85E"",""01H2EQ7YMA1F9SRFEQC7RDVQK6"",""721""
""01H2EQ7KP44FGMWZFNHY2QP7AZ"",""01H2EQ7KPG4QVN2NG6HFNZ2KFD"",""01H2EQAF5V8TJ7W4QNDZ3M7W2R"",""01H2EQ7YMA1F9SRFEQC7RDVQK6"",
""01H2GQRB2APP52JE0VFTNV6116"",""01H2GQRB2T6DRSZR8Z3FF9D0Z6"",""01H2GVVNXRNKE1JNA6GW1KKPWH"",""01H2GVVH0BBPS1TDBYV6RQY2RY"",
""01H2GQRB2APP52JE0VFTNV6116"",""01H2GQRB2T6DRSZR8Z3FF9D0Z6"",""01H2GVVNXVTEKETEGCSP2HQBE2"",""01H2GVVH0BBPS1TDBYV6RQY2RY"",
""01H2GYV2FXZFNTVVAGR5W67BPZ"",""01H2GYV2GC5ZEY326NKC3HDKDB"",""01H2GYVAPSJMKHVAHZD688JN26"",""01H2GYV74SC256YJD4W0BRDZGY"",
""01H2GYV2FXZFNTVVAGR5W67BPZ"",""01H2GYV2GC5ZEY326NKC3HDKDB"",""01H2GYVAPWM5CYM1GJT56T5HDV"",""01H2GYV74SC256YJD4W0BRDZGY"",
""01H2GZ2X2ACAJQ5TGKMN9ATKGZ"",""01H2GZ2X2QKMDRNT3E2245F1H4"",""01H2GZYAMZ7J022C5GBRTFYRS0"",""01H2GZ4BMSS7FR6QBEJTJX5MQS"",
""01H2RDBJSWPT4B8Z78DW2SMJ7D"",""01H2RDBJTDCP68P9WP7BW4XVN1"",""01H2RDCWZT5Y7WVDTWNWZ1TFQQ"",""01H2RDCPB3C7P48MNSYKFY52MY"",
""01H2RZ7BQV47K28XD4D5S9ZGXP"",""01H2RZ7BRHQ67X4M0Z9NYFF33J"",""01H3ZKMYEFQ8AWPYT2QCFYH0E5"",""01H3ZFR5YX2EBGB8E1GSKXQ6K8"",
""01H2RZ7BQV47K28XD4D5S9ZGXP"",""01H2RZ7BRHQ67X4M0Z9NYFF33J"",""01H3ZKMYEFQ8AWPYT2QX554D3S"",""01H3ZFR5YX2EBGB8E1GSKXQ6K8"",
""01H41E3J6PE94J0QBGGXXTXXKH"",""01H41E3J75Y6BXT8W7GR26Q7GE"",""01H41EB6SVFWWTZ3K7J95ZX0KZ"",""01H41E5R0RK1BB8WQN46TFPV8K"",
""01H41E3J6PE94J0QBGGXXTXXKH"",""01H41E3J75Y6BXT8W7GR26Q7GE"",""01H41EB6SW53KASSVJGVB6QJEX"",""01H41E5R0RK1BB8WQN46TFPV8K"",
""01H41EDZ7DW9B9E605XN825ENR"",""01H41EDZ7TSRN1JW13J3AVRNZV"",""01H41WK2S5EFPZWCX6D5FW854D"",""01H41EE6TZ6MEME7ERA0CVM6AX"",
""01H41WNH3G8E06Y15GHMRY6879"",""01H41WNH427THQX3E01HA12JP0"",""01H41YS9A8AS9VS9FF7YKKKR49"",""01H41WNZSB4BCK7AVK0EZ2PZ0X"",
""01H4EF5JSJFECEBPZM46MFHPY6"",""01H4EF5JT3W06YTY4R6BBD7CRG"",""01H4P5BJ0CVZPB0NVNPH96JC4Q"",""01H4KHM8F5P8NP6MZ4JG5N8B32"",
""01H4EF5JSJFECEBPZM46MFHPY6"",""01H4EF5JT3W06YTY4R6BBD7CRG"",""01H4P5BJ0CVZPB0NVNPH96JC4Q"",""01H4P4VVQZEPYKYR7Z67AK5RRA"",
""01H4EF5JSJFECEBPZM46MFHPY6"",""01H4EF5JT3W06YTY4R6BBD7CRG"",""01H4P5BJ0DFE4TCD098C7KZAR0"",""01H4KHM8F5P8NP6MZ4JG5N8B32"",
""01H4EF5JSJFECEBPZM46MFHPY6"",""01H4EF5JT3W06YTY4R6BBD7CRG"",""01H4P5BJ0DFE4TCD098C7KZAR0"",""01H4P4VVQZEPYKYR7Z67AK5RRA"",
