﻿""ended"",""participantID"",""participantIdentifier"",""gameID"",""treatment"",""urlParams"",""introDone"",""intro"",""exitStepDone"",""exitSurvey""
""game terminated"",""01H1Z46DV01HAM0BDJV39EH1PX"",""asx"",""01H1Z3H74KSQEYFGKQPHC0PAPX"",""{\""playerCount\"":1}"",""{}"",,,,
""game terminated"",""01H1Z8BBBV73QN4262NF0GYE46"",""efwc"",""01H1Z3H74KSQEYFGKQPHC0PAPX"",""{\""playerCount\"":1}"",""{}"",,,,
""game terminated"",""01H1Z8J32ZEA5JSKJ1CEDXBWKA"",""sx"",""01H1Z8H7KMHC43M53HJ6X7VSF3"","""{\""StageDuration\"":300,\""playerCount\"":1}""",""{}"",,,,
"""",""01H1Z99Z6RT1PGJVKQAZRK4HNS"",""aza"",""01H1Z995ETXE2D812GWFQQG8AS"",""{\""playerCount\"":2}"",""{}"",""true"",""1"",,
"""",""01H1Z9G0STZCYDSVX6CSX2AFTS"",""asxa"",""01H1Z995ETXE2D812GWFQQG8AS"",""{\""playerCount\"":2}"",""{\""participantKey\"":\""1685751069394\""}"",""true"",""1"",,
"""",""01H2BDXT5VBVBCQF3FJX848766"",""jeffsax"",""01H2BDXHG742QDJZJS5QAFQXQE"","""{\""StageDuration\"":300,\""playerCount\"":1}""",""{}"",""true"",""1"",,
"""",""01H2BE0RCJ06AA8FS8H765E0GH"",""cwebcw"",""01H2BE0BFKVJ3F5J1SGTG09ZJ4"","""{\""StageDuration\"":300,\""playerCount\"":1}""",""{}"",,,,
"""",""01H2DZRCG004BFEJ9YPMEZ9X3E"",""smcspd"",""01H2DZPP51GDD6189YE9X10WXN"","""{\""StageDuration\"":300,\""playerCount\"":1}""",""{}"",""true"",""1"",,
"""",""01H2EQ7YKR4AQMGQTS4V8S04FF"",""billio"",""01H2EQ7KPG4QVN2NG6HFNZ2KFD"","""{\""StageDuration\"":300,\""playerCount\"":1}""",""{}"",""true"",""1"",""true"","""{\""age\"":\""\"",\""gender\"":\""\"",\""strength\"":\""\"",\""fair\"":\""\"",\""feedback\"":\""\"",\""education\"":\""\""}"""
"""",""01H2GVVGZE7TZQB6XQ30PH662Q"",""jeffoo"",""01H2GQRB2T6DRSZR8Z3FF9D0Z6"","""{\""StageDuration\"":300,\""playerCount\"":1}""",""{}"",""true"",""1"",,
"""",""01H2GYV744YGW1JRRNPPK7S8D5"",""k"",""01H2GYV2GC5ZEY326NKC3HDKDB"","""{\""StageDuration\"":300,\""playerCount\"":1}""",""{}"",""true"",""1"",,
,""01H2GZ4BM4K9H6ZPECNVW68P7Z"",""scw"",""01H2GZ2X2QKMDRNT3E2245F1H4"","""{\""StageDuration\"":300,\""playerCount\"":1}""",""{}"",""true"",""1"",,
"""",""01H2H7Z29712FXW4YEGY3ZS6SG"",""jeffooo"",""01H2H4AN1HXCTPA7EQC2NS4WVT"","""{\""StageDuration\"":300,\""playerCount\"":1}""",""{}"",,""1"",,
"""",""01H2H8AZWMJ7HGP43SYR3GZ3PB"",""kkk"",""01H2H4AN1HXCTPA7EQC2NS4WVT"","""{\""StageDuration\"":300,\""playerCount\"":1}""",""{}"",,,,
"""",""01H2H8JJJHQSH5PA2FXQ4GJPJM"",""checkerthis"",""01H2H8GTAN4MDNCPT3MX22NFQF"","""{\""StageDuration\"":300,\""playerCount\"":1}""",""{}"",,,,
"""",""01H2HAPKAR54ACCT9ZG53PB7DN"",""xwqxwqx"",""01H2H9FW5Y1FJVCRC0RS9J6E4X"","""{\""StageDuration\"":300,\""playerCount\"":1}""",""{}"",,,,
"""",""01H2R7HVC322RV1QTYTYQD2RCG"",""jeffoooo"",""01H2R7GY2XKPCJDYPJJHBSZ2QD"","""{\""StageDuration\"":300,\""playerCount\"":1}""",""{}"",,""1"",,
"""",""01H2R9M7Z3MYM0K5S62CPWYJKC"",""jeff01"",""01H2R7GY2XKPCJDYPJJHBSZ2QD"","""{\""StageDuration\"":300,\""playerCount\"":1}""",""{}"",,,,
"""",""01H2R9Q5G8AVK4JBXD9FVH0GMA"",""jeff02"",""01H2R9NS4XKSR0ZED384KD6TP9"",""{\""playerCount\"":2}"",""{}"",,""1"",,
"""",""01H2R9QJ3CTM4844D5MKTD6JT7"",""jeff03"",""01H2R9NS4XKSR0ZED384KD6TP9"",""{\""playerCount\"":2}"",""{}"",""true"",""1"",,
"""",""01H2RD9DJSY0JFZ3A46EXYZV3C"",""jeff0000"",""01H2RD8BC87SDKK3ZH2NAFGZQY"",""{\""playerCount\"":2}"",""{\""participantKey\"":\""1686593906903\""}"",,,,
"""",""01H2RDCPAG5THVHXBRGD0Y8ARB"",""jeff04"",""01H2RDBJTDCP68P9WP7BW4XVN1"","""{\""StageDuration\"":300,\""playerCount\"":1}""",""{}"",""true"",""1"",,
,""01H2RZ9N839A0M7CF8Q7V6WDJY"",""jeff005"",""01H2RZ8MED82E4J6K3JF1228C3"","""{\""StageDuration\"":10000,\""playerCount\"":1}""",""{}"",,,,
,""01H2S26EEH8J39N0ESEW7XDTW8"",""jeff00000"",""01H2S25QMWA9BDTHACHG57V4EB"","""{\""StageDuration\"":10000,\""nRounds\"":3,\""playerCount\"":1}""",""{}"",""true"",""1"",,
,""01H2TVC8WTXH3GGKRE1B4ZPPB6"",""jeff0005"",""01H2TVBC4GAEHW5C75TNMCTJGM"","""{\""StageDuration\"":10000,\""nRounds\"":3,\""playerCount\"":1}""",""{}"",,""1"",,
,""01H2TZVVG2MBQJK4FDE5DYD41M"",""jeff06"",""01H2TZSK74JECMY671SR13J3RS"","""{\""StageDuration\"":10000,\""nRounds\"":3,\""playerCount\"":1}""",""{}"",""true"",""4"",,
,""01H2V5XNE6YNGFA7H4CEX2TSY7"",""jefff07"",""01H2TZSK74JECMY671SR13J3RS"","""{\""StageDuration\"":10000,\""nRounds\"":3,\""playerCount\"":1}""",""{}"",""true"",""2"",,
,""01H339M8P2ZEGHX8PN5SEG7QM6"",""jeff0007"",""01H339KYM8NBAQ7XJWQ4D4XF8D"","""{\""StageDuration\"":10000,\""nRounds\"":3,\""playerCount\"":1}""",""{}"",,,,
,""01H339QYEY49ZH3XEXTMPN2T6S"",""jeff0009"",""01H339KYM8NBAQ7XJWQ4D4XF8D"","""{\""StageDuration\"":10000,\""nRounds\"":3,\""playerCount\"":1}""",""{}"",,,,
""game terminated"",""01H33A502F5RZDGW0YXKPKQ7Z6"",""jeff12"",""01H33A4FA940CBVBPX2WVPZ3TD"","""{\""StageDuration\"":10000,\""nRounds\"":3,\""playerCount\"":1}""",""{}"",,,,
""game terminated"",""01H33A7HXDNGVCZAW14GDYVHMR"",""jeff13"",""01H33A4FA940CBVBPX2WVPZ3TD"","""{\""StageDuration\"":10000,\""nRounds\"":3,\""playerCount\"":1}""",""{}"",,,,
""game terminated"",""01H3ZFN8QVENDFA755MQCF9B99"",""jeff07"",""01H41Z0M5CB4V1EFFWQ7TQBM8N"","""{\""StageDuration\"":300,\""playerCount\"":1}""",""{}"",,,,
""game ended"",""01H3ZFR5Y49S9D7B7NB0WWMKYF"",""jeff08"",""01H2RZ7BRHQ67X4M0Z9NYFF33J"","""{\""StageDuration\"":300,\""playerCount\"":1}""",""{}"",""true"",""6"",,
""game ended"",""01H41E5R080N607WEVEZEPFKR1"",""jeff09"",""01H41E3J75Y6BXT8W7GR26Q7GE"","""{\""StageDuration\"":300,\""playerCount\"":1}""",""{}"",""true"",""6"",""true"","""{\""age\"":\""\"",\""gender\"":\""\"",\""strength\"":\""\"",\""fair\"":\""\"",\""feedback\"":\""\"",\""education\"":\""\""}"""
""game terminated"",""01H41EE6TFFZ1JZ898E62XEN7P"",""jeff10"",""01H41EDZ7TSRN1JW13J3AVRNZV"","""{\""StageDuration\"":300,\""playerCount\"":1}""",""{}"",""true"",""7"",,
""game terminated"",""01H41WNZRPC03Q6PV1EJSWT4AE"",""jeff11"",""01H41WNH427THQX3E01HA12JP0"","""{\""StageDuration\"":300,\""playerCount\"":1}""",""{}"",""true"",""7"",,
""game terminated"",""01H41Z2E0EMRYMA105HEGB78KK"",""jeff15"",""01H41Z0M5CB4V1EFFWQ7TQBM8N"","""{\""StageDuration\"":300,\""playerCount\"":1}""",""{}"",,""6"",,
""game terminated"",""01H421YGX5F1AW29Q5WPDDHZR9"",""jeff404"",""01H41Z0M5CB4V1EFFWQ7TQBM8N"","""{\""StageDuration\"":300,\""playerCount\"":1}""",""{}"",,""6"",,
""game terminated"",""01H46NYTDRVPHXCMBFJS7HGATM"",""jeff888"",""01H41Z0M5CB4V1EFFWQ7TQBM8N"","""{\""StageDuration\"":300,\""playerCount\"":1}""",""{}"",,""7"",,
""game terminated"",""01H4EDTVKV4J3RTFH8BV9S09A0"",""jeff123"",""01H4EDSN49V5WK4B7EGKY5K474"","""{\""StageDuration\"":10000,\""nRounds\"":3,\""playerCount\"":1}""",""{}"",,""0"",,
""no more games"",""01H4EF699TJGF6F5ZGJP10TY79"",""bill01"","""","""{\""StageDuration\"":10000,\""TimelordName\"":\""James\"",\""nRounds\"":3,\""playerCount\"":2}""",""{}"",,""8"",,
""no more games"",""01H4EQRVTDMQJN69QD5NBA03DM"",""ted"","""","""{\""StageDuration\"":10000,\""TimelordName\"":\""James\"",\""nRounds\"":3,\""playerCount\"":2}""",""{\""participantKey\"":\""1688416838264\""}"",,""9"",,
""game ended"",""01H4KHM8EKVNWPTFHN57FH8VKX"",""jeff5656"",""01H4EF5JT3W06YTY4R6BBD7CRG"","""{\""StageDuration\"":10000,\""TimelordName\"":\""James\"",\""nRounds\"":3,\""playerCount\"":2}""",""{}"",""true"",""9"",,
""game ended"",""01H4P4VVQ98KXVCBPZ63EQDA8W"",""jeff344343"",""01H4EF5JT3W06YTY4R6BBD7CRG"","""{\""StageDuration\"":10000,\""TimelordName\"":\""James\"",\""nRounds\"":3,\""playerCount\"":2}""",""{}"",""true"",""9"",,
