﻿""ended"",""name"",""task"",""stageIndex"",""index"",""gameID"",""batchID"",""start"",""bombs"",""visited"",""lost""
""true"",""Round 1 - Jelly Beans"",""jellybeans"",""2"",""0"",""01H2DZPP51GDD6189YE9X10WXN"",""01H2DZPP4GTKCBB80NB4G8KXT4"",""true"",,,
""false"",""Round 2 - Minesweeper"",""minesweeper"",""1"",""1"",""01H2DZPP51GDD6189YE9X10WXN"",""01H2DZPP4GTKCBB80NB4G8KXT4"",""false"",,,
""true"",""Round 1 - Jelly Beans"",""jellybeans"",""2"",""0"",""01H2EQ7KPG4QVN2NG6HFNZ2KFD"",""01H2EQ7KP44FGMWZFNHY2QP7AZ"",""true"",,,
""true"",""Round 2 - Minesweeper"",""minesweeper"",""1"",""1"",""01H2EQ7KPG4QVN2NG6HFNZ2KFD"",""01H2EQ7KP44FGMWZFNHY2QP7AZ"",""true"","""0,0,0,0,0,0,0,0,2,X,0,0,0,0,1,1,1,0,2,X,0,0,0,0,1,X,2,1,2,1,0,0,0,0,1,1,3,X,2,0,1,1,0,0,0,0,2,X,2,0,X,2,1,1,0,0,1,1,1,0,2,3,X,1,0,0,0,0,0,0,X,3,1,1,0,0,0,0,0,0,X,2,1,1,1,0,0,0,0,0,1,1,1,X,1,0,0,0,0,0""","""0,0,0,0,0,0,0,0,0,0,0,0,0,0,0,0,0,0,0,0,0,0,0,0,0,0,0,0,0,0,0,0,0,0,0,0,0,0,0,0,0,0,0,0,0,0,0,0,0,0,0,0,0,0,0,0,0,0,0,0,0,0,0,0,0,0,0,0,0,0,0,0,0,0,0,0,0,0,0,0,0,0,0,0,0,0,0,0,0,0,0,0,0,0,0,0,0,0,0,0""",
""true"",""Round 1 - Jelly Beans"",""jellybeans"",""2"",""0"",""01H2GQRB2T6DRSZR8Z3FF9D0Z6"",""01H2GQRB2APP52JE0VFTNV6116"",""true"",,,
""true"",""Round 2 - Minesweeper"",""minesweeper"",""1"",""1"",""01H2GQRB2T6DRSZR8Z3FF9D0Z6"",""01H2GQRB2APP52JE0VFTNV6116"",""true"","""0,0,0,1,1,1,0,0,1,X,1,1,1,1,X,1,0,0,1,1,2,X,2,1,1,1,0,0,0,0,2,X,2,0,0,0,1,1,1,0,1,1,2,1,1,0,1,X,1,0,0,1,2,X,1,0,1,1,1,0,0,1,X,2,1,0,1,1,1,0,0,1,1,1,0,0,1,X,2,1,0,0,1,1,1,0,1,2,X,1,0,0,1,X,1,0,0,1,1,1""","""0,0,0,0,0,0,0,0,0,0,0,0,0,0,0,0,0,0,0,0,0,0,0,0,0,0,0,0,0,0,0,0,0,0,0,0,0,0,0,0,0,0,0,0,0,0,0,0,0,0,0,0,0,0,0,0,0,0,0,0,0,0,0,0,0,0,0,0,0,0,0,0,0,0,0,0,0,0,0,0,0,0,0,0,0,0,0,0,0,0,0,0,0,0,0,0,0,0,0,0""",
""true"",""Round 1 - Jelly Beans"",""jellybeans"",""2"",""0"",""01H2GYV2GC5ZEY326NKC3HDKDB"",""01H2GYV2FXZFNTVVAGR5W67BPZ"",""true"",,,
""true"",""Round 2 - Minesweeper"",""minesweeper"",""1"",""1"",""01H2GYV2GC5ZEY326NKC3HDKDB"",""01H2GYV2FXZFNTVVAGR5W67BPZ"",""true"","""0,1,X,1,1,1,1,0,0,0,0,1,1,1,1,X,1,1,1,1,0,0,0,0,1,1,1,2,X,2,0,0,1,1,1,0,0,2,X,2,1,1,1,X,1,0,0,1,1,1,X,2,1,1,1,0,0,0,0,0,X,2,0,0,1,1,1,0,0,0,1,1,0,0,1,X,1,0,1,1,0,0,0,0,1,2,2,1,1,X,0,0,0,0,0,1,X,1,1,1""","""0,0,0,0,0,0,0,0,0,0,0,0,0,0,0,0,0,0,0,0,0,0,0,0,0,0,0,0,0,0,0,0,0,0,0,0,0,0,0,0,0,0,0,0,0,0,0,0,0,0,0,0,0,0,0,0,0,0,0,0,0,0,0,0,0,0,0,0,0,0,0,0,0,0,0,0,0,0,0,0,0,0,0,0,0,0,0,0,0,0,0,0,0,0,0,0,0,0,0,0""",
""false"",""Round 1 - Jelly Beans"",""jellybeans"",""2"",""0"",""01H2GZ2X2QKMDRNT3E2245F1H4"",""01H2GZ2X2ACAJQ5TGKMN9ATKGZ"",""true"",,,
""false"",""Round 2 - Minesweeper"",""minesweeper"",""1"",""1"",""01H2GZ2X2QKMDRNT3E2245F1H4"",""01H2GZ2X2ACAJQ5TGKMN9ATKGZ"",""false"",,,
""false"",""Round 1 - Jelly Beans"",""jellybeans"",""2"",""2"",""01H2GZ2X2QKMDRNT3E2245F1H4"",""01H2GZ2X2ACAJQ5TGKMN9ATKGZ"",""false"",,,
""false"",""Round 2 - Minesweeper"",""minesweeper"",""1"",""3"",""01H2GZ2X2QKMDRNT3E2245F1H4"",""01H2GZ2X2ACAJQ5TGKMN9ATKGZ"",""false"",,,
""false"",""Round 1 - Jelly Beans"",""jellybeans"",""2"",""4"",""01H2GZ2X2QKMDRNT3E2245F1H4"",""01H2GZ2X2ACAJQ5TGKMN9ATKGZ"",""false"",,,
""false"",""Round 2 - Minesweeper"",""minesweeper"",""1"",""5"",""01H2GZ2X2QKMDRNT3E2245F1H4"",""01H2GZ2X2ACAJQ5TGKMN9ATKGZ"",""false"",,,
""false"",""Round 1 - Jelly Beans"",""jellybeans"",""2"",""6"",""01H2GZ2X2QKMDRNT3E2245F1H4"",""01H2GZ2X2ACAJQ5TGKMN9ATKGZ"",""false"",,,
""false"",""Round 2 - Minesweeper"",""minesweeper"",""1"",""7"",""01H2GZ2X2QKMDRNT3E2245F1H4"",""01H2GZ2X2ACAJQ5TGKMN9ATKGZ"",""false"",,,
""false"",""Round 1 - Jelly Beans"",""jellybeans"",""2"",""8"",""01H2GZ2X2QKMDRNT3E2245F1H4"",""01H2GZ2X2ACAJQ5TGKMN9ATKGZ"",""false"",,,
""false"",""Round 2 - Minesweeper"",""minesweeper"",""1"",""9"",""01H2GZ2X2QKMDRNT3E2245F1H4"",""01H2GZ2X2ACAJQ5TGKMN9ATKGZ"",""false"",,,
""false"",""Round 1 - Jelly Beans"",""jellybeans"",""2"",""10"",""01H2GZ2X2QKMDRNT3E2245F1H4"",""01H2GZ2X2ACAJQ5TGKMN9ATKGZ"",""false"",,,
""false"",""Round 2 - Minesweeper"",""minesweeper"",""1"",""11"",""01H2GZ2X2QKMDRNT3E2245F1H4"",""01H2GZ2X2ACAJQ5TGKMN9ATKGZ"",""false"",,,
""false"",""Round 1 - Jelly Beans"",""jellybeans"",""2"",""12"",""01H2GZ2X2QKMDRNT3E2245F1H4"",""01H2GZ2X2ACAJQ5TGKMN9ATKGZ"",""false"",,,
""false"",""Round 2 - Minesweeper"",""minesweeper"",""1"",""13"",""01H2GZ2X2QKMDRNT3E2245F1H4"",""01H2GZ2X2ACAJQ5TGKMN9ATKGZ"",""false"",,,
""false"",""Round 1 - Jelly Beans"",""jellybeans"",""2"",""14"",""01H2GZ2X2QKMDRNT3E2245F1H4"",""01H2GZ2X2ACAJQ5TGKMN9ATKGZ"",""false"",,,
""false"",""Round 2 - Minesweeper"",""minesweeper"",""1"",""15"",""01H2GZ2X2QKMDRNT3E2245F1H4"",""01H2GZ2X2ACAJQ5TGKMN9ATKGZ"",""false"",,,
""false"",""Round 1 - Jelly Beans"",""jellybeans"",""2"",""16"",""01H2GZ2X2QKMDRNT3E2245F1H4"",""01H2GZ2X2ACAJQ5TGKMN9ATKGZ"",""false"",,,
""false"",""Round 2 - Minesweeper"",""minesweeper"",""1"",""17"",""01H2GZ2X2QKMDRNT3E2245F1H4"",""01H2GZ2X2ACAJQ5TGKMN9ATKGZ"",""false"",,,
""false"",""Round 1 - Jelly Beans"",""jellybeans"",""2"",""18"",""01H2GZ2X2QKMDRNT3E2245F1H4"",""01H2GZ2X2ACAJQ5TGKMN9ATKGZ"",""false"",,,
""false"",""Round 2 - Minesweeper"",""minesweeper"",""1"",""19"",""01H2GZ2X2QKMDRNT3E2245F1H4"",""01H2GZ2X2ACAJQ5TGKMN9ATKGZ"",""false"",,,
""false"",""Round 1 - Jelly Beans"",""jellybeans"",""2"",""20"",""01H2GZ2X2QKMDRNT3E2245F1H4"",""01H2GZ2X2ACAJQ5TGKMN9ATKGZ"",""false"",,,
""false"",""Round 2 - Minesweeper"",""minesweeper"",""1"",""21"",""01H2GZ2X2QKMDRNT3E2245F1H4"",""01H2GZ2X2ACAJQ5TGKMN9ATKGZ"",""false"",,,
""false"",""Round 1 - Jelly Beans"",""jellybeans"",""2"",""22"",""01H2GZ2X2QKMDRNT3E2245F1H4"",""01H2GZ2X2ACAJQ5TGKMN9ATKGZ"",""false"",,,
""false"",""Round 2 - Minesweeper"",""minesweeper"",""1"",""23"",""01H2GZ2X2QKMDRNT3E2245F1H4"",""01H2GZ2X2ACAJQ5TGKMN9ATKGZ"",""false"",,,
""false"",""Round 1 - Jelly Beans"",""jellybeans"",""2"",""24"",""01H2GZ2X2QKMDRNT3E2245F1H4"",""01H2GZ2X2ACAJQ5TGKMN9ATKGZ"",""false"",,,
""false"",""Round 2 - Minesweeper"",""minesweeper"",""1"",""25"",""01H2GZ2X2QKMDRNT3E2245F1H4"",""01H2GZ2X2ACAJQ5TGKMN9ATKGZ"",""false"",,,
""false"",""Round 1 - Jelly Beans"",""jellybeans"",""2"",""26"",""01H2GZ2X2QKMDRNT3E2245F1H4"",""01H2GZ2X2ACAJQ5TGKMN9ATKGZ"",""false"",,,
""false"",""Round 2 - Minesweeper"",""minesweeper"",""1"",""27"",""01H2GZ2X2QKMDRNT3E2245F1H4"",""01H2GZ2X2ACAJQ5TGKMN9ATKGZ"",""false"",,,
""false"",""Round 1 - Jelly Beans"",""jellybeans"",""2"",""28"",""01H2GZ2X2QKMDRNT3E2245F1H4"",""01H2GZ2X2ACAJQ5TGKMN9ATKGZ"",""false"",,,
""false"",""Round 2 - Minesweeper"",""minesweeper"",""1"",""29"",""01H2GZ2X2QKMDRNT3E2245F1H4"",""01H2GZ2X2ACAJQ5TGKMN9ATKGZ"",""false"",,,
""true"",""Round 1 - Jelly Beans"",""jellybeans"",""2"",""0"",""01H2RDBJTDCP68P9WP7BW4XVN1"",""01H2RDBJSWPT4B8Z78DW2SMJ7D"",""true"",,,
""false"",""Round 2 - Minesweeper"",""minesweeper"",""1"",""1"",""01H2RDBJTDCP68P9WP7BW4XVN1"",""01H2RDBJSWPT4B8Z78DW2SMJ7D"",""false"",,,
""true"",""Round 1 - Jelly Beans"",""jellybeans"",""2"",""0"",""01H2RZ7BRHQ67X4M0Z9NYFF33J"",""01H2RZ7BQV47K28XD4D5S9ZGXP"",""true"",,,
""true"",""Round 2 - Minesweeper"",""minesweeper"",""1"",""1"",""01H2RZ7BRHQ67X4M0Z9NYFF33J"",""01H2RZ7BQV47K28XD4D5S9ZGXP"",""true"","""1,1,1,0,0,0,0,0,1,X,2,X,1,0,0,0,0,0,1,1,X,2,1,0,0,0,0,0,1,1,1,1,0,0,0,1,1,1,1,X,0,0,0,0,0,1,X,2,2,2,0,1,1,1,0,1,1,2,X,1,0,2,X,2,0,0,0,1,1,1,0,2,X,2,0,1,1,1,0,0,0,1,2,2,1,1,X,1,0,0,0,0,1,X,1,1,1,1,0,0""","""0,0,0,0,0,0,0,0,0,0,0,0,0,0,0,0,0,0,0,0,0,0,0,0,0,0,0,0,0,0,0,0,0,0,0,0,0,0,0,0,0,0,0,0,0,0,0,0,0,0,0,0,0,0,0,0,0,0,0,0,0,0,0,0,0,0,0,0,0,0,0,0,0,0,0,0,0,0,0,0,0,0,0,0,0,0,0,0,0,0,0,0,0,0,0,0,0,0,0,0""",
""true"",""Round 1 - Jelly Beans"",""jellybeans"",""2"",""0"",""01H41E3J75Y6BXT8W7GR26Q7GE"",""01H41E3J6PE94J0QBGGXXTXXKH"",""true"",,,
""true"",""Round 2 - Minesweeper"",""minesweeper"",""1"",""1"",""01H41E3J75Y6BXT8W7GR26Q7GE"",""01H41E3J6PE94J0QBGGXXTXXKH"",""true"","""0,1,2,X,1,0,0,0,0,0,0,2,X,3,1,0,0,0,0,0,1,3,X,2,0,0,0,0,0,0,2,X,3,1,0,0,0,0,0,0,2,X,2,0,0,0,0,1,1,1,2,2,1,0,0,0,0,1,X,1,X,1,0,0,0,0,0,1,2,2,1,1,1,1,1,0,0,0,1,X,0,1,2,X,1,0,0,0,1,1,0,1,X,2,1,0,0,0,0,0""","""0,0,0,0,1,1,1,1,1,1,0,0,0,0,1,1,1,1,1,1,0,0,0,1,1,1,1,1,1,1,0,0,0,1,1,1,1,1,1,1,0,0,1,1,1,1,1,1,1,1,0,0,1,1,1,1,1,1,0,1,0,1,1,1,1,1,1,1,1,1,0,0,1,1,1,1,1,1,1,0,0,0,0,0,1,1,1,1,1,1,0,0,1,0,1,1,1,1,1,1""",""true""
""true"",""Round 1 - Jelly Beans"",""jellybeans"",""2"",""0"",""01H41EDZ7TSRN1JW13J3AVRNZV"",""01H41EDZ7DW9B9E605XN825ENR"",""true"",,,
""false"",""Round 2 - Minesweeper"",""minesweeper"",""1"",""1"",""01H41EDZ7TSRN1JW13J3AVRNZV"",""01H41EDZ7DW9B9E605XN825ENR"",""false"",,,
""true"",""Round 1 - Jelly Beans"",""jellybeans"",""2"",""0"",""01H41WNH427THQX3E01HA12JP0"",""01H41WNH3G8E06Y15GHMRY6879"",""true"",,,
""false"",""Round 2 - Minesweeper"",""minesweeper"",""1"",""1"",""01H41WNH427THQX3E01HA12JP0"",""01H41WNH3G8E06Y15GHMRY6879"",""false"",,,
""true"",""Round 1 - Jelly Beans"",""jellybeans"",""2"",""0"",""01H4EF5JT3W06YTY4R6BBD7CRG"",""01H4EF5JSJFECEBPZM46MFHPY6"",""true"",,,
""true"",""Round 2 - Minesweeper"",""minesweeper"",""1"",""1"",""01H4EF5JT3W06YTY4R6BBD7CRG"",""01H4EF5JSJFECEBPZM46MFHPY6"",""true"","""0,1,1,1,0,0,0,1,X,1,0,1,X,1,0,1,1,2,1,1,1,2,2,1,0,1,X,1,0,0,2,X,1,0,0,1,1,1,0,0,X,3,2,1,0,0,0,0,0,0,1,3,X,2,0,0,0,0,0,0,0,2,X,3,1,0,0,0,0,0,0,1,2,X,1,0,0,1,1,1,0,1,2,2,1,0,0,1,X,1,0,1,X,1,0,0,0,1,1,1""","""0,0,0,0,0,0,0,0,0,0,0,0,0,0,0,0,0,0,0,0,0,0,0,0,0,0,0,0,0,0,0,0,0,0,0,0,0,0,0,0,0,0,0,0,0,0,0,0,0,0,0,0,0,0,0,0,0,0,0,0,0,0,0,0,0,0,0,0,0,0,0,0,0,0,0,0,0,0,0,0,0,0,0,0,0,0,0,0,0,0,0,0,0,0,0,0,0,0,0,0""",
