﻿""name"",""timerID"",""index"",""batchID"",""start"",""roundID"",""duration"",""gameID"",""ended"",""status"",""endedReason"",""started""
""Play"",""01H2EQ76WXEQFT9BCMF3DQFTTK"",""0"",""01H2DZPP4GTKCBB80NB4G8KXT4"",""false"",""01H2EQ76WJ6FJZ5RMPWMR9TRNR"",""300"",""01H2DZPP51GDD6189YE9X10WXN"",""false"",,,
""Answer"",""01H2EQ76WQKKSMP737W2BNTXPX"",""0"",""01H2DZPP4GTKCBB80NB4G8KXT4"",""true"",""01H2EQ76WFP5VJ59PSX89AAGE4"",""300"",""01H2DZPP51GDD6189YE9X10WXN"",""true"",""ended"",""batch ended"",""true""
""Result"",""01H2EQ76X150RMVTJW0Z51B101"",""1"",""01H2DZPP4GTKCBB80NB4G8KXT4"",""false"",""01H2EQ76WFP5VJ59PSX89AAGE4"",""120"",""01H2DZPP51GDD6189YE9X10WXN"",""false"",,,
""Play"",""01H2EQAF644Z9CCSKFBDV30FGP"",""0"",""01H2EQ7KP44FGMWZFNHY2QP7AZ"",""true"",""01H2EQAF5V8TJ7W4QNDZ3M7W2R"",""300"",""01H2EQ7KPG4QVN2NG6HFNZ2KFD"",""true"",,,""true""
""Answer"",""01H2EQAF61RJBV3ZJZRJRWSJ9S"",""0"",""01H2EQ7KP44FGMWZFNHY2QP7AZ"",""true"",""01H2EQAF5T1WF9F2RAD1B7H85E"",""300"",""01H2EQ7KPG4QVN2NG6HFNZ2KFD"",""true"",,,""true""
""Result"",""01H2EQAF6ATSSZP3PKKNW8ZNB6"",""1"",""01H2EQ7KP44FGMWZFNHY2QP7AZ"",""true"",""01H2EQAF5T1WF9F2RAD1B7H85E"",""120"",""01H2EQ7KPG4QVN2NG6HFNZ2KFD"",""true"",,,""true""
""Play"",""01H2GVVNY3TH02TGMC78T4GF04"",""0"",""01H2GQRB2APP52JE0VFTNV6116"",""true"",""01H2GVVNXVTEKETEGCSP2HQBE2"",""300"",""01H2GQRB2T6DRSZR8Z3FF9D0Z6"",""true"",,,""true""
""Game"",""01H2GVVNXZF0HT96MJ9780P20R"",""0"",""01H2GQRB2APP52JE0VFTNV6116"",""true"",""01H2GVVNXRNKE1JNA6GW1KKPWH"",""300"",""01H2GQRB2T6DRSZR8Z3FF9D0Z6"",""true"",,,""true""
""Result"",""01H2GVVNY8KAWV12X6J8ZCQ644"",""1"",""01H2GQRB2APP52JE0VFTNV6116"",""true"",""01H2GVVNXRNKE1JNA6GW1KKPWH"",""120"",""01H2GQRB2T6DRSZR8Z3FF9D0Z6"",""true"",,,""true""
""Play"",""01H2GYVAQ5DH3KCR3ZF6WE5KVW"",""0"",""01H2GYV2FXZFNTVVAGR5W67BPZ"",""true"",""01H2GYVAPWM5CYM1GJT56T5HDV"",""300"",""01H2GYV2GC5ZEY326NKC3HDKDB"",""true"",,,""true""
""Game"",""01H2GYVAQ0JX3Z6VXMETNYWH4V"",""0"",""01H2GYV2FXZFNTVVAGR5W67BPZ"",""true"",""01H2GYVAPSJMKHVAHZD688JN26"",""300"",""01H2GYV2GC5ZEY326NKC3HDKDB"",""true"",,,""true""
""Result"",""01H2GYVAQ9X8KAMN22B8TGFQ17"",""1"",""01H2GYV2FXZFNTVVAGR5W67BPZ"",""true"",""01H2GYVAPSJMKHVAHZD688JN26"",""120"",""01H2GYV2GC5ZEY326NKC3HDKDB"",""true"",,,""true""
""Play"",""01H2GZYAN3XN331JFBY3J43VKS"",""0"",""01H2GZ2X2ACAJQ5TGKMN9ATKGZ"",""false"",""01H2GZYAMZ7J022C5GC7CG0YBA"",""300"",""01H2GZ2X2QKMDRNT3E2245F1H4"",""false"",,,
""Game"",""01H2GZYAN2BV3HCY2MQWB3FW7C"",""0"",""01H2GZ2X2ACAJQ5TGKMN9ATKGZ"",""true"",""01H2GZYAMZ7J022C5GBRTFYRS0"",""300"",""01H2GZ2X2QKMDRNT3E2245F1H4"",""false"",""ended"",""batch ended"",""true""
""Result"",""01H2GZYAN8G4J5BEMR92FA25NN"",""1"",""01H2GZ2X2ACAJQ5TGKMN9ATKGZ"",""false"",""01H2GZYAMZ7J022C5GBRTFYRS0"",""120"",""01H2GZ2X2QKMDRNT3E2245F1H4"",""false"",,,
""Play"",""01H2H00XB5Z4CSEYGW2SJCHZKA"",""0"",""01H2GZ2X2ACAJQ5TGKMN9ATKGZ"",""false"",""01H2H00XB0ME3QFWA7G65RV0AM"",""300"",""01H2GZ2X2QKMDRNT3E2245F1H4"",""false"",,,
""Game"",""01H2H00XB4QN3QSBW2M157H778"",""0"",""01H2GZ2X2ACAJQ5TGKMN9ATKGZ"",""false"",""01H2H00XB0ME3QFWA7FQ75EQ8T"",""300"",""01H2GZ2X2QKMDRNT3E2245F1H4"",""false"",,,
""Result"",""01H2H00XCXCG56PJCACZ3429T2"",""1"",""01H2GZ2X2ACAJQ5TGKMN9ATKGZ"",""false"",""01H2H00XB0ME3QFWA7FQ75EQ8T"",""120"",""01H2GZ2X2QKMDRNT3E2245F1H4"",""false"",,,
""Play"",""01H2H01J8Z096RVFCFXAE29DGF"",""0"",""01H2GZ2X2ACAJQ5TGKMN9ATKGZ"",""false"",""01H2H01J8T3R60R9SKBBM6WZJ7"",""300"",""01H2GZ2X2QKMDRNT3E2245F1H4"",""false"",,,
""Game"",""01H2H01J8YSB7W9K2TFTQZA6RD"",""0"",""01H2GZ2X2ACAJQ5TGKMN9ATKGZ"",""false"",""01H2H01J8S6CAB51YQZEFAEDAZ"",""300"",""01H2GZ2X2QKMDRNT3E2245F1H4"",""false"",,,
""Result"",""01H2H01JAMM6S6S27WWM8QNT5W"",""1"",""01H2GZ2X2ACAJQ5TGKMN9ATKGZ"",""false"",""01H2H01J8S6CAB51YQZEFAEDAZ"",""120"",""01H2GZ2X2QKMDRNT3E2245F1H4"",""false"",,,
""Play"",""01H2H0351YFAANY13Z2NWXN0WA"",""0"",""01H2GZ2X2ACAJQ5TGKMN9ATKGZ"",""false"",""01H2H0351TMDG25X36M0R1F64K"",""300"",""01H2GZ2X2QKMDRNT3E2245F1H4"",""false"",,,
""Game"",""01H2H0351X5GEKAPFZTM5N60F9"",""0"",""01H2GZ2X2ACAJQ5TGKMN9ATKGZ"",""false"",""01H2H0351TMDG25X36KHCHR0DY"",""300"",""01H2GZ2X2QKMDRNT3E2245F1H4"",""false"",,,
""Result"",""01H2H03524TF3BXZC0NPKKFV91"",""1"",""01H2GZ2X2ACAJQ5TGKMN9ATKGZ"",""false"",""01H2H0351TMDG25X36KHCHR0DY"",""120"",""01H2GZ2X2QKMDRNT3E2245F1H4"",""false"",,,
""Play"",""01H2H0390MEBBVHZ4KBQNJA3A2"",""0"",""01H2GZ2X2ACAJQ5TGKMN9ATKGZ"",""false"",""01H2H038Z25YKEHFD2B0SE1DF1"",""300"",""01H2GZ2X2QKMDRNT3E2245F1H4"",""false"",,,
""Game"",""01H2H038Z5C1661696FMXZR79H"",""0"",""01H2GZ2X2ACAJQ5TGKMN9ATKGZ"",""false"",""01H2H038Z1VYW906H7P0C7X0D0"",""300"",""01H2GZ2X2QKMDRNT3E2245F1H4"",""false"",,,
""Result"",""01H2H0390QVTR1J3F6ENCYX57W"",""1"",""01H2GZ2X2ACAJQ5TGKMN9ATKGZ"",""false"",""01H2H038Z1VYW906H7P0C7X0D0"",""120"",""01H2GZ2X2QKMDRNT3E2245F1H4"",""false"",,,
""Play"",""01H2H03EPSQ2J2ED7P0B7RQG42"",""0"",""01H2GZ2X2ACAJQ5TGKMN9ATKGZ"",""false"",""01H2H03EPKBN476J9VQSNWZNA4"",""300"",""01H2GZ2X2QKMDRNT3E2245F1H4"",""false"",,,
""Game"",""01H2H03EPPWCFPWDE5M5RZS065"",""0"",""01H2GZ2X2ACAJQ5TGKMN9ATKGZ"",""false"",""01H2H03EPKBN476J9VQ5SSHC6C"",""300"",""01H2GZ2X2QKMDRNT3E2245F1H4"",""false"",,,
""Result"",""01H2H03EPWT5X45WMHX4R48CXW"",""1"",""01H2GZ2X2ACAJQ5TGKMN9ATKGZ"",""false"",""01H2H03EPKBN476J9VQ5SSHC6C"",""120"",""01H2GZ2X2QKMDRNT3E2245F1H4"",""false"",,,
""Play"",""01H2H0445P9T1YF47QSV6YGB7K"",""0"",""01H2GZ2X2ACAJQ5TGKMN9ATKGZ"",""false"",""01H2H0445FNTDJDW2E0KV4D898"",""300"",""01H2GZ2X2QKMDRNT3E2245F1H4"",""false"",,,
""Game"",""01H2H0445KRHDG31C6WG6GMXJM"",""0"",""01H2GZ2X2ACAJQ5TGKMN9ATKGZ"",""false"",""01H2H0445FNTDJDW2E01QXZM9H"",""300"",""01H2GZ2X2QKMDRNT3E2245F1H4"",""false"",,,
""Result"",""01H2H0445RSMDQ32P4EBV51D5M"",""1"",""01H2GZ2X2ACAJQ5TGKMN9ATKGZ"",""false"",""01H2H0445FNTDJDW2E01QXZM9H"",""120"",""01H2GZ2X2QKMDRNT3E2245F1H4"",""false"",,,
""Play"",""01H2H04Z17R41VMB8MN55889BJ"",""0"",""01H2GZ2X2ACAJQ5TGKMN9ATKGZ"",""false"",""01H2H04YZKACPMW6QX7WMRHXC6"",""300"",""01H2GZ2X2QKMDRNT3E2245F1H4"",""false"",,,
""Game"",""01H2H04YZSVYPNNXJX0X1D86XX"",""0"",""01H2GZ2X2ACAJQ5TGKMN9ATKGZ"",""false"",""01H2H04YZKACPMW6QX7884B04T"",""300"",""01H2GZ2X2QKMDRNT3E2245F1H4"",""false"",,,
""Result"",""01H2H04Z1G6QDP2FETF7P8P98W"",""1"",""01H2GZ2X2ACAJQ5TGKMN9ATKGZ"",""false"",""01H2H04YZKACPMW6QX7884B04T"",""120"",""01H2GZ2X2QKMDRNT3E2245F1H4"",""false"",,,
""Play"",""01H2H05NMFXR1ZSAGJ71QXKESM"",""0"",""01H2GZ2X2ACAJQ5TGKMN9ATKGZ"",""false"",""01H2H05NM8JZ3RBMF03YNMBT9J"",""300"",""01H2GZ2X2QKMDRNT3E2245F1H4"",""false"",,,
""Game"",""01H2H05NMBC4TZS9Q3D21TVA2C"",""0"",""01H2GZ2X2ACAJQ5TGKMN9ATKGZ"",""false"",""01H2H05NM8JZ3RBMF03KTZPSTV"",""300"",""01H2GZ2X2QKMDRNT3E2245F1H4"",""false"",,,
""Result"",""01H2H05NMM0FE1PWGBYMZWJB2P"",""1"",""01H2GZ2X2ACAJQ5TGKMN9ATKGZ"",""false"",""01H2H05NM8JZ3RBMF03KTZPSTV"",""120"",""01H2GZ2X2QKMDRNT3E2245F1H4"",""false"",,,
""Play"",""01H2H07G94EYG5W091CWC11C4K"",""0"",""01H2GZ2X2ACAJQ5TGKMN9ATKGZ"",""false"",""01H2H07G7GXN1PXA3JSNB4PVMQ"",""300"",""01H2GZ2X2QKMDRNT3E2245F1H4"",""false"",,,
""Game"",""01H2H07G7NC1JY5HDBFT87JEAB"",""0"",""01H2GZ2X2ACAJQ5TGKMN9ATKGZ"",""false"",""01H2H07G7FJQB14TC3677DG257"",""300"",""01H2GZ2X2QKMDRNT3E2245F1H4"",""false"",,,
""Result"",""01H2H07G9C3AXTG52Q825M9CT0"",""1"",""01H2GZ2X2ACAJQ5TGKMN9ATKGZ"",""false"",""01H2H07G7FJQB14TC3677DG257"",""120"",""01H2GZ2X2QKMDRNT3E2245F1H4"",""false"",,,
""Play"",""01H2H07JN325R13SFNMJX557PK"",""0"",""01H2GZ2X2ACAJQ5TGKMN9ATKGZ"",""false"",""01H2H07JKNT2D77ECQZVQZXG1R"",""300"",""01H2GZ2X2QKMDRNT3E2245F1H4"",""false"",,,
""Game"",""01H2H07JKQDN8G99XEK495PNC4"",""0"",""01H2GZ2X2ACAJQ5TGKMN9ATKGZ"",""false"",""01H2H07JKMXQYT1X66YAGZS2D8"",""300"",""01H2GZ2X2QKMDRNT3E2245F1H4"",""false"",,,
""Result"",""01H2H07JN9N5Y09F701B775EAV"",""1"",""01H2GZ2X2ACAJQ5TGKMN9ATKGZ"",""false"",""01H2H07JKMXQYT1X66YAGZS2D8"",""120"",""01H2GZ2X2QKMDRNT3E2245F1H4"",""false"",,,
""Play"",""01H2H07Y8KP20ZMZ143YPKGKN4"",""0"",""01H2GZ2X2ACAJQ5TGKMN9ATKGZ"",""false"",""01H2H07Y8C5ZXB5F535ZMGFYBV"",""300"",""01H2GZ2X2QKMDRNT3E2245F1H4"",""false"",,,
""Game"",""01H2H07Y8G4PH2KGCJCN44JZ1Q"",""0"",""01H2GZ2X2ACAJQ5TGKMN9ATKGZ"",""false"",""01H2H07Y8C5ZXB5F535GKN5ADF"",""300"",""01H2GZ2X2QKMDRNT3E2245F1H4"",""false"",,,
""Result"",""01H2H07Y8Q84216P886JBMJ1HD"",""1"",""01H2GZ2X2ACAJQ5TGKMN9ATKGZ"",""false"",""01H2H07Y8C5ZXB5F535GKN5ADF"",""120"",""01H2GZ2X2QKMDRNT3E2245F1H4"",""false"",,,
""Play"",""01H2H08W8PSF1RAWPCJZ60BHXY"",""0"",""01H2GZ2X2ACAJQ5TGKMN9ATKGZ"",""false"",""01H2H08W8A4MVF6XE0RWE65Y76"",""300"",""01H2GZ2X2QKMDRNT3E2245F1H4"",""false"",,,
""Game"",""01H2H08W8K1GDWYZF1T1KPQGP6"",""0"",""01H2GZ2X2ACAJQ5TGKMN9ATKGZ"",""false"",""01H2H08W8A4MVF6XE0RGJRCKCT"",""300"",""01H2GZ2X2QKMDRNT3E2245F1H4"",""false"",,,
""Result"",""01H2H08W8R1RNR1SRGZ1BKDJZ2"",""1"",""01H2GZ2X2ACAJQ5TGKMN9ATKGZ"",""false"",""01H2H08W8A4MVF6XE0RGJRCKCT"",""120"",""01H2GZ2X2QKMDRNT3E2245F1H4"",""false"",,,
""Play"",""01H2H08X7MN9JJ17CFHE4KBVF7"",""0"",""01H2GZ2X2ACAJQ5TGKMN9ATKGZ"",""false"",""01H2H08X7D9TYEGBQWPY93BVE4"",""300"",""01H2GZ2X2QKMDRNT3E2245F1H4"",""false"",,,
""Game"",""01H2H08X7H5Z87DXD9W5T0P0GD"",""0"",""01H2GZ2X2ACAJQ5TGKMN9ATKGZ"",""false"",""01H2H08X7D9TYEGBQWPHF6VC86"",""300"",""01H2GZ2X2QKMDRNT3E2245F1H4"",""false"",,,
""Result"",""01H2H08X7QNB4QP4QH0YF5N64R"",""1"",""01H2GZ2X2ACAJQ5TGKMN9ATKGZ"",""false"",""01H2H08X7D9TYEGBQWPHF6VC86"",""120"",""01H2GZ2X2QKMDRNT3E2245F1H4"",""false"",,,
""Play"",""01H2H0BY51CDZJ0Z2QJ06BNWQD"",""0"",""01H2GZ2X2ACAJQ5TGKMN9ATKGZ"",""false"",""01H2H0BY4S0SKK34Z0656Z8KRB"",""300"",""01H2GZ2X2QKMDRNT3E2245F1H4"",""false"",,,
""Game"",""01H2H0BY5032RBRNKK8HCV43SF"",""0"",""01H2GZ2X2ACAJQ5TGKMN9ATKGZ"",""false"",""01H2H0BY4S0SKK34Z05JA6YADR"",""300"",""01H2GZ2X2QKMDRNT3E2245F1H4"",""false"",,,
""Result"",""01H2H0BY574A16EQYQH5GKYQ0B"",""1"",""01H2GZ2X2ACAJQ5TGKMN9ATKGZ"",""false"",""01H2H0BY4S0SKK34Z05JA6YADR"",""120"",""01H2GZ2X2QKMDRNT3E2245F1H4"",""false"",,,
""Play"",""01H2RDCX03KDG4G0295KE8ZQSY"",""0"",""01H2RDBJSWPT4B8Z78DW2SMJ7D"",""false"",""01H2RDCWZT5Y7WVDTWPCC8HXAW"",""300"",""01H2RDBJTDCP68P9WP7BW4XVN1"",""false"",,,
""Game"",""01H2RDCX00E9JY1VAJTV7ZAB5Z"",""0"",""01H2RDBJSWPT4B8Z78DW2SMJ7D"",""true"",""01H2RDCWZT5Y7WVDTWNWZ1TFQQ"",""300"",""01H2RDBJTDCP68P9WP7BW4XVN1"",""true"",""ended"",""batch ended"",""true""
""Result"",""01H2RDCX09H1KYFSG79C6ADSFY"",""1"",""01H2RDBJSWPT4B8Z78DW2SMJ7D"",""false"",""01H2RDCWZT5Y7WVDTWNWZ1TFQQ"",""120"",""01H2RDBJTDCP68P9WP7BW4XVN1"",""false"",,,
""Play"",""01H3ZKMYESP1AR0XWVZJSKM1CD"",""0"",""01H2RZ7BQV47K28XD4D5S9ZGXP"",""true"",""01H3ZKMYEFQ8AWPYT2QX554D3S"",""300"",""01H2RZ7BRHQ67X4M0Z9NYFF33J"",""true"",,,""true""
""Game"",""01H3ZKMYEPZ2APX4MEG9SNV55Y"",""0"",""01H2RZ7BQV47K28XD4D5S9ZGXP"",""true"",""01H3ZKMYEFQ8AWPYT2QCFYH0E5"",""300"",""01H2RZ7BRHQ67X4M0Z9NYFF33J"",""true"",,,""true""
""Result"",""01H3ZKMYEYEY14PKE8TSW0GB1V"",""1"",""01H2RZ7BQV47K28XD4D5S9ZGXP"",""true"",""01H3ZKMYEFQ8AWPYT2QCFYH0E5"",""120"",""01H2RZ7BRHQ67X4M0Z9NYFF33J"",""true"",,,""true""
""Play"",""01H41EB6T24185K2KZP3RQBCE2"",""0"",""01H41E3J6PE94J0QBGGXXTXXKH"",""true"",""01H41EB6SW53KASSVJGVB6QJEX"",""300"",""01H41E3J75Y6BXT8W7GR26Q7GE"",""true"",,,""true""
""Game"",""01H41EB6SZE2HD12WGC5HE5CJN"",""0"",""01H41E3J6PE94J0QBGGXXTXXKH"",""true"",""01H41EB6SVFWWTZ3K7J95ZX0KZ"",""300"",""01H41E3J75Y6BXT8W7GR26Q7GE"",""true"",,,""true""
""Result"",""01H41EB6T8JC365AAAEA4EF34G"",""1"",""01H41E3J6PE94J0QBGGXXTXXKH"",""true"",""01H41EB6SVFWWTZ3K7J95ZX0KZ"",""120"",""01H41E3J75Y6BXT8W7GR26Q7GE"",""true"",,,""true""
""Play"",""01H41WK2SGP4X759DJH85NYZB7"",""0"",""01H41EDZ7DW9B9E605XN825ENR"",""false"",""01H41WK2S5EFPZWCX6DMNTBY87"",""300"",""01H41EDZ7TSRN1JW13J3AVRNZV"",""false"",,,
""Game"",""01H41WK2SAN7E8T68YBHM79Y7H"",""0"",""01H41EDZ7DW9B9E605XN825ENR"",""true"",""01H41WK2S5EFPZWCX6D5FW854D"",""300"",""01H41EDZ7TSRN1JW13J3AVRNZV"",""true"",""ended"",""batch ended"",""true""
""Result"",""01H41WK2SQPH45KYZR0TE6WG0J"",""1"",""01H41EDZ7DW9B9E605XN825ENR"",""false"",""01H41WK2S5EFPZWCX6D5FW854D"",""120"",""01H41EDZ7TSRN1JW13J3AVRNZV"",""false"",,,
""Play"",""01H41YS9ADMX9S1CGYK44CNX8Y"",""0"",""01H41WNH3G8E06Y15GHMRY6879"",""false"",""01H41YS9A8AS9VS9FF8GNW546V"",""300"",""01H41WNH427THQX3E01HA12JP0"",""false"",,,
""Game"",""01H41YS9AAZF85XRV8J642RN6H"",""0"",""01H41WNH3G8E06Y15GHMRY6879"",""true"",""01H41YS9A8AS9VS9FF7YKKKR49"",""300"",""01H41WNH427THQX3E01HA12JP0"",""true"",""ended"",""batch ended"",""true""
""Result"",""01H41YS9AEAFAAW4W6PBGQB831"",""1"",""01H41WNH3G8E06Y15GHMRY6879"",""false"",""01H41YS9A8AS9VS9FF7YKKKR49"",""120"",""01H41WNH427THQX3E01HA12JP0"",""false"",,,
""Play"",""01H4P5BJ0K4R9KCB9QBPKYNM5G"",""0"",""01H4EF5JSJFECEBPZM46MFHPY6"",""true"",""01H4P5BJ0DFE4TCD098C7KZAR0"",""300"",""01H4EF5JT3W06YTY4R6BBD7CRG"",""true"",,,""true""
""Game"",""01H4P5BJ0H311A4RQK987T51K8"",""0"",""01H4EF5JSJFECEBPZM46MFHPY6"",""true"",""01H4P5BJ0CVZPB0NVNPH96JC4Q"",""300"",""01H4EF5JT3W06YTY4R6BBD7CRG"",""true"",,,""true""
""Result"",""01H4P5BJ0SNBT3FDWDZAKZMBBG"",""1"",""01H4EF5JSJFECEBPZM46MFHPY6"",""true"",""01H4P5BJ0CVZPB0NVNPH96JC4Q"",""120"",""01H4EF5JT3W06YTY4R6BBD7CRG"",""true"",,,""true""
